FirstName,LastName,Gender,DellEmail,University,BusinessUnit,Degree,Major,Year,ReturningIntern,CampusLocation,TechnologiesOfInterest,TechnologiesUsing
Ayushi,Batwara,Female,ayushi.batwara@dell.com,University of California - Berkeley,CSO,Masters,Marketing,Junior,N,Remote,Cloud,"Grid Computing , Virtualization , Artifical intelligence"
Silvia,Lopez,Female,silvia.lopez@dell.com,Columbia University,CTO,Bachelors,Mechanical Engineering,Sophomore,N,Massachusets - Hopkinton,"Data engineering, Python, SQL,","Visualization , C , Big data"
Wren,Wilson,Male,Wren.Wilson@dell.com,Duke University,CSG,MBA,Business,Senior,N,Texas - Round Rock,"bookeeping , packaging , advertising","Java , Cloud , Grid Computing"
Kaleb,Walker,Male,Kaleb.Walker@dell.com,Middle Tennessee State University,CSG,Bachelors,Finance,Junior,N,California - Santa Clara,"automation , liabilities , blockchain","Virtualization , Networks , Python"
Catherine,Gilbert,Female,Catherine.Gilbert@dell.com,Duke University,CTO,Bachelors,Mechanical Engineering,Senior,N,Washington - Seattle,"Instrumentation , Photonics , Computer aided design","programmable logic , Signal processing , Instrumentation"
Alex,Campbell,Male,Alex.Campbell@dell.com,University of Wisconsin - Madison (Engineering),CSO,MBA,Marketing,Senior,N,Texas - Round Rock,"customer support , Product roadmaps , testing","microelectronics , circuitry , mechatronics"
Caroline,Young,Female,Caroline.Young@dell.com,Binghamton University,P&O Marketing MBA,Bachelors,Computer Engineering,Senior,N,Texas - Round Rock,"Data , Encryption , Big data","customer validation , customer research , Product roadmaps"
Bradley,Smith,Male,Bradley.Smith@dell.com,Texas A&M - College Station,P&O Marketing MBA,Bachelors,Mechanical Engineering,Senior,N,Texas - Round Rock,"embedded systems , programmable logic , Instrumentation","packaging , wholesale , customer relationships"
Tyson,Davis,Male,Tyson.Davis@dell.com,Florida International University,Telecom,Masters,Communications,Senior,N,Massachusets - Hopkinton,"Staffing , employee satisfaction , training","product design , advertising , marketing"
Alexis,Davidson,Male,Alexis.Davidson@dell.com,University of Texas - Austin,CSO,Masters,Computer Engineering,Junior,Y,Texas - Round Rock,"circuitry , programmable logic , computer architecture","Grid Computing , Big data , Python"
Hailey,Porter,Female,Hailey.Porter@dell.com,Hampton University,ISG,Bachelors,Mechanical Engineering,Senior,N,Massachusets - Hopkinton,"Computer aided design , programmable logic , computer architecture","Simulink , microelectronics , motion control"
Aaliyah,May,Male,Aaliyah.May@dell.com,University of California - Berkeley,ISG,Masters,Electrical Engineering,Senior,N,Texas - Round Rock,"optics , mechatronics , embedded systems","customer validation , customer research , Product roadmaps"
Kalani,Allen,Female,Kalani.Allen@dell.com,Western Illinois University,CTO,Bachelors,Marketing,Senior,N,Texas - Round Rock,"Agile , testing , customer support","Analytics , business cycles , asset allocation"
River,Patel,Female,River.Patel@dell.com,University of Maryland,CTO,MBA,Data Science,Junior,N,California - Santa Clara,"probability theory , capital gain , liabilities","Staffing , organizational structure , workplace safety"
Sloane,Gomez,Female,Sloane.Gomez@dell.com,Washington State University,CTO,Masters,Communications,Junior,N,California - Santa Clara,"training , recruiting , performance management","employee satisfaction , onboarding , performance management"
Aaron,Thomas,Female,Aaron.Thomas@dell.com,Indiana University,CSO,Bachelors,Communications,Senior,N,Texas - Round Rock,"Staffing , organizational structure , workplace safety","Java , Python , Virtualization"
Christopher,Hanson,Female,Christopher.Hanson@dell.com,University of Washington,Telecom,Bachelors,Communications,Sophomore,N,Texas - Round Rock,"employee satisfaction , onboarding , performance management","marketing , consulting , wholesale"
Sophie,Cruz,Male,Sophie.Cruz@dell.com,University of Texas - Dallas,P&O Marketing MBA,Bachelors,Computer Engineering,Junior,N,California - Santa Clara,"Java , Python , Virtualization","consulting , big data, accounting"
Axel,Morales,Female,Axel.Morales@dell.com,University of Wisconsin - Madison (Engineering),CTO,Bachelors,Business,Senior,N,Washington - Seattle,"marketing , consulting , wholesale","Cloud , Virtualization , Java"
Dylan,Hammond,Female,Dylan.Hammond@dell.com,North Carolina A&T,P&O Marketing MBA,Bachelors,Data Science,Senior,Y,Washington - Seattle,"consulting , big data, accounting","Signal processing , mechatronics , Pspice"
Myla,Porter,Female,Myla.Porter@dell.com,"Texas A&M University, Mays Business School College",ISG,MBA,Computer Engineering,Junior,N,Massachusets - Hopkinton,"Cloud , Virtualization , Java","consulting , tax , mass merchandising"
Samara,Gilbert,Female,Samara.Gilbert@dell.com,Texas A&M - College Station,P&O Marketing MBA,MBA,Mechanical Engineering,Junior,N,California - Santa Clara,"Signal processing , mechatronics , Pspice","publishing , income statement , product design"
Kayla,Adams,Male,Kayla.Adams@dell.com,University of Washington - Seattle,CSO,Masters,Business,Senior,N,Remote,"consulting , tax , mass merchandising","Computer aided design , computer architecture , mechatronics"
Leighton,Patterson,Female,Leighton.Patterson@dell.com,Santa Clara University,CSO,MBA,Computer Science,Senior,N,Texas - Round Rock,"publishing , income statement , product design","encryption, cybersecurity, blockchain"
Talia,Peterson,Male,Talia.Peterson@dell.com,Washington State University,CSO,Masters,Mechanical Engineering,Senior,N,Texas - Round Rock,"Computer aided design , computer architecture , mechatronics","testing , customer validation , customer research"
Hadley,Schultz,Male,Hadley.Schultz@dell.com,North Carolina State University,CSG,Masters,Computer Science,Senior,N,Remote,"encryption, cybersecurity, blockchain","Grid Computing , Encryption , Cloud"
Giselle,Perkins,Male,Giselle.Perkins@dell.com,Texas A&M - College Station,CTO,Bachelors,Marketing,Sophomore,N,Washington - Seattle,"testing , customer validation , customer research","capital gain , asset allocation"
Conor,Morales,Male,Conor.Morales@dell.com,(CFT) University of Puerto Rico - Mayaguez,CSO,Bachelors,Data Science,Sophomore,N,Washington - Seattle,"Grid Computing , Encryption , Cloud","mechatronics , microelectronics , optics"
Luka,Berry,Female,Luka.Berry@dell.com,University of Texas - Austin,P&O Marketing MBA,Bachelors,Finance,Junior,N,Massachusets - Hopkinton,"capital gain , asset allocation","wholesale , factory management , customer satisfaction"
Zachary,Wood,Female,Zachary.Wood@dell.com,University of Wisconsin - Madison (Engineering),CTO,Masters,Mechanical Engineering,Senior,Y,Massachusets - Hopkinton,"mechatronics , microelectronics , optics","business cycles , liabilities , mutual funds"
Kaia,Simpson,Female,Kaia.Simpson@dell.com,University of Texas - Austin,CSO,Bachelors,Business,Junior,N,Texas - Round Rock,"wholesale , factory management , customer satisfaction","computer architecture , microelectronics , motion control"
Juan,Hammond,Male,Juan.Hammond@dell.com,University of Texas - Austin,CTO,Masters,Finance,Senior,N,Texas - Round Rock,"business cycles , liabilities , mutual funds","Infrastructure , Grid Computing , Computer Graphics"
Maverick,Barnes,Male,Maverick.Barnes@dell.com,University of Massachusetts - Amherst,Telecom,Bachelors,Mechanical Engineering,Senior,N,Texas - Round Rock,"computer architecture , microelectronics , motion control","programmable logic , motion control , Signal processing"
Bowen,Thompson,Male,Bowen.Thompson@dell.com,Huston-Tillotson University (HBCU),ISG,Bachelors,Computer Science,Sophomore,N,Washington - Seattle,"Infrastructure , Grid Computing , Computer Graphics","circuitry , Instrumentation , Computer aided design"
John,Gomez,Male,John.Gomez@dell.com,University of Texas - Dallas,CSG,Bachelors,Electrical Engineering ,Sophomore,N,Texas - Round Rock,"programmable logic , motion control , Signal processing","Artifical intelligence , Java , Networks"
Zara,Scott,Female,Zara.Scott@dell.com,University of Washington - Seattle,ISG,Masters,Computer Engineering,Senior,N,Remote,"circuitry , Instrumentation , Computer aided design","Photonics , computer architecture , Instrumentation"
Micah,James,Female,Micah.James@dell.com,Columbia University,CSO,Bachelors,Computer Science,Junior,N,Remote,"Artifical intelligence , Java , Networks","workplace safety , performance management , onboarding"
Arianna,Moore,Male,Arianna.Moore@dell.com,Boston University - Engineering,CTO,MBA,Business,Sophomore,N,Massachusets - Hopkinton,"Photonics , computer architecture , Instrumentation","Infrastructure , C , Python"
Eduardo,Davidson,Female,Eduardo.Davidson@dell.com,Texas A&M University - College Station,CSG,Masters,Communications,Junior,N,Texas - Round Rock,"workplace safety , performance management , onboarding","mutual funds , liquidity , liabilities"
Bowen,Hughes,Female,Bowen.Hughes@dell.com,Carnegie Mellon University,CSO,MBA,Computer Science,Junior,Y,Remote,"Infrastructure , C , Python","Cybersecurity , Big data , Grid Computing"
Ada,Castillo,Female,Ada.Castillo@dell.com,University of Texas - Austin,ISG,Bachelors,Finance,Junior,N,Texas - Round Rock,"mutual funds , liquidity , liabilities","wholesale , factory management , marketing"
Albert,Patterson,Male,Albert.Patterson@dell.com,Southern Methodist University,CSO,Masters,Computer Engineering,Senior,N,Texas - Round Rock,"Cybersecurity , Big data , Grid Computing","circuitry , Computer aided design , Photonics"
Mariana,Thompson,Male,Mariana.Thompson@dell.com,Western Illinois University,CSO,Bachelors,Business,Senior,N,Texas - Round Rock,"wholesale , factory management , marketing","employee satisfaction , performance management , compensation"
Asher,Peterson,Male,Asher.Peterson@dell.com,(CFT) San Jose State University,ISG,Bachelors,Computer Engineering,Junior,N,Massachusets - Hopkinton,"circuitry , Computer aided design , Photonics","marketing , customer satisfaction , mass merchandising"
Cali,Wilson,Female,Cali.Wilson@dell.com,University of Massachusetts - Lowell,CSG,Bachelors,Communications,Junior,N,Texas - Round Rock,"employee satisfaction , performance management , compensation","computer architecture , circuitry , Simulink"
Oaklynn,Roberts,Female,Oaklynn.Roberts@dell.com,University of Georgia,CSO,Masters,Business,Junior,N,Massachusets - Hopkinton,"marketing , customer satisfaction , mass merchandising","observability, insights, machine learing"
Daxton,Johnston,Female,Daxton.Johnston@dell.com,University of Massachusetts - Amherst,Telecom,Masters,Computer Science,Junior,N,Washington - Seattle,"computer architecture , circuitry , Simulink","automation , Analytics , capital gain"
Charlie,Gray,Male,Charlie.Gray@dell.com,Duke University,CTO,MBA,Data Science,Senior,N,Massachusets - Hopkinton,"observability, insights, machine learing","performance management , workplace safety , training"
Simon,Campbell,Female,Simon.Campbell@dell.com,Trinity University,CSO,Bachelors,Finance,Senior,N,Texas - Round Rock,"automation , Analytics , capital gain","embedded systems , Computer aided design , Photonics"
Braxton,Webster,Female,Braxton.Webster@dell.com,Fisk University,CSG,Masters,Communications,Junior,Y,Texas - Round Rock,"performance management , workplace safety , training","Networks , Visualization , Cybersecurity"
Madeleine,Thomas,Male,Madeleine.Thomas@dell.com,Texas Tech University,ISG,Bachelors,Computer Science,Senior,N,Texas - Round Rock,"embedded systems , Computer aided design , Photonics","Encryption , Data , Cybersecurity"
Bentley,Parker,Female,Bentley.Parker@dell.com,Georgia Institute of Technology,CSO,Bachelors,Computer Engineering,Junior,N,Massachusets - Hopkinton,"Networks , Visualization , Cybersecurity","equity , liabilities , cashflow"
Milani,Lewis,Female,Milani.Lewis@dell.com,Rice University,ISG,Bachelors,Computer Science,Senior,N,Massachusets - Hopkinton,"Encryption , Data , Cybersecurity","Staffing , onboarding , organizational structure"
Daniella,Cooper,Female,Daniella.Cooper@dell.com,Rutgers University,Telecom,Bachelors,Finance,Senior,N,Washington - Seattle,"equity , liabilities , cashflow","artifical intelligence, cloud, computing"
Jayden,Bailey,Female,Jayden.Bailey@dell.com,University of Texas - Austin,CTO,Bachelors,Communications,Senior,N,Massachusets - Hopkinton,"Staffing , onboarding , organizational structure","Statistics , business cycles , equity"
Ayden,Allen,Male,Ayden.Allen@dell.com,(CFT) University of Puerto Rico - Mayaguez,CSG,Bachelors,Data Science,Junior,N,Texas - Round Rock,"artifical intelligence, cloud, computing","customer relationships , tax , packaging"
Aylin,Waters,Female,Aylin.Waters@dell.com,Texas A&M University,ISG,MBA,Finance,Sophomore,N,Massachusets - Hopkinton,"Statistics , business cycles , equity","programmable logic , circuitry , embedded systems"
Raymond,Lee,Male,Raymond.Lee@dell.com,University of Texas - Austin,CSG,Bachelors,Business,Senior,N,Massachusets - Hopkinton,"customer relationships , tax , packaging","recruiting , employee satisfaction , workplace safety"
Elijah,Robinson,Male,Elijah.Robinson@dell.com,Texas Tech University,CSG,Masters,Computer Engineering,Senior,N,Texas - Round Rock,"programmable logic , circuitry , embedded systems","mockups , testing , continuos integration"
Lennox,Davidson,Female,Lennox.Davidson@dell.com,"RICE UNIVERSITY, JONES GRADUATE SCHOOL OF BUSINESS",Telecom,Masters,Communications,Junior,Y,Texas - Round Rock,"recruiting , employee satisfaction , workplace safety","statistics, analytics, networks"
Colton,Lindsey,Female,Colton.Lindsey@dell.com,North Carolina A&T,CSO,MBA,Marketing,Senior,N,Texas - Round Rock,"mockups , testing , continuos integration","Data , Networks , Encryption"
Kailani,Parson,Male,Kailani.Parson@dell.com,Santa Clara University,CSG,Bachelors,Data Science,Junior,N,Texas - Round Rock,"statistics, analytics, networks","blockchain , asset allocation , valuation"
Blair,Davidson,Female,Blair.Davidson@dell.com,University of Texas - Austin,ISG,Bachelors,Computer Engineering,Junior,N,Texas - Round Rock,"Data , Networks , Encryption","cashflow , asset allocation , Accounting"
Cooper,Bennet,Male,Cooper.Bennet@dell.com,University of Texas - Dallas,CTO,Masters,Finance,Senior,N,Remote,"blockchain , asset allocation , valuation","business cycles , probability theory , valuation"
Leila,Houston,Female,Leila.Houston@dell.com,Washington State University,CSG,Masters,Finance,Senior,N,Texas - Round Rock,"cashflow , asset allocation , Accounting","Computer aided design , Instrumentation , Photonics"
Kailani,Ruiz,Female,Kailani.Ruiz@dell.com,University of Texas - San Antonio,P&O Marketing MBA,Masters,Finance,Sophomore,N,Washington - Seattle,"business cycles , probability theory , valuation","Grid Computing , Virtualization , Artifical intelligence"
Amari,Peterson,Male,Amari.Peterson@dell.com,New York University,CSO,Bachelors,Mechanical Engineering,Senior,N,Remote,"Computer aided design , Instrumentation , Photonics","Visualization , C , Big data"
Milo,Miller,Female,Milo.Miller@dell.com,University of Texas - Austin,ISG,Bachelors,Computer Science,Sophomore,N,Remote,"Grid Computing , Virtualization , Artifical intelligence","Java , Cloud , Grid Computing"
Remington,Thomas,Female,Remington.Thomas@dell.com,Washington State University,CSG,Masters,Data Science,Junior,N,Texas - Round Rock,"Visualization , C , Big data","Virtualization , Networks , Python"
Raiden,Baker,Male,Raiden.Baker@dell.com,Texas A&M - College Station,CSO,MBA,Computer Engineering,Junior,Y,Texas - Round Rock,"Java , Cloud , Grid Computing","programmable logic , Signal processing , Instrumentation"
Emily,Stewart,Female,Emily.Stewart@dell.com,University of Texas - Dallas,CSG,Bachelors,Computer Science,Junior,N,Remote,"Virtualization , Networks , Python","microelectronics , circuitry , mechatronics"
Leilani,Woods,Female,Leilani.Woods@dell.com,(CFT) University of Texas - San Antonio,CSO,Bachelors,Mechanical Engineering,Senior,N,Texas - Round Rock,"programmable logic , Signal processing , Instrumentation","customer validation , customer research , Product roadmaps"
Annie,Woods,Male,Annie.Woods@dell.com,University of Texas - Austin,Telecom,Bachelors,Computer Engineering,Junior,N,Washington - Seattle,"microelectronics , circuitry , mechatronics","packaging , wholesale , customer relationships"
Matthew,Webster,Female,Matthew.Webster@dell.com,University of Texas - Austin,ISG,Masters,Marketing,Junior,N,Massachusets - Hopkinton,"customer validation , customer research , Product roadmaps","product design , advertising , marketing"
Ryleigh,Brown,Male,Ryleigh.Brown@dell.com,"University of California, Los Angeles",CSG,Bachelors,Business,Junior,N,Massachusets - Hopkinton,"packaging , wholesale , customer relationships","Grid Computing , Big data , Python"
Jack,Cruz,Female,Jack.Cruz@dell.com,Santa Clara University,CSO,Masters,Business,Senior,N,Texas - Round Rock,"product design , advertising , marketing","Simulink , microelectronics , motion control"
Eli,Ramos,Female,Eli.Ramos@dell.com,Worcester Polytechnic Inst.,CSO,Masters,Computer Science,Senior,N,Remote,"Grid Computing , Big data , Python","customer validation , customer research , Product roadmaps"
Vivienne,Cooper,Female,Vivienne.Cooper@dell.com,California State University,P&O Marketing MBA,Bachelors,Mechanical Engineering,Sophomore,N,Remote,"Simulink , microelectronics , motion control","Analytics , business cycles , asset allocation"
Chris,Myers,Male,Chris.Myers@dell.com,University of South Florida,CTO,Bachelors,Marketing,Junior,N,Texas - Round Rock,"customer validation , customer research , Product roadmaps","Encryption , Cybersecurity , Big data"
Annabelle,Berry,Male,Annabelle.Berry@dell.com,(CFT) University of Puerto Rico - Mayaguez,CSG,Bachelors,Finance,Sophomore,Y,Texas - Round Rock,"Analytics , business cycles , asset allocation","income statement , mass merchandising , product design"
Molly,Lee,Female,Molly.Lee@dell.com,University of Massachusetts - Lowell,Telecom,Bachelors,Computer Science,Junior,N,Remote,"Encryption , Cybersecurity , Big data","valuation , investment , asset allocation"
Charlee,Moore,Female,Charlee.Moore@dell.com,Santa Clara University,CSO,Masters,Business,Junior,N,Texas - Round Rock,"income statement , mass merchandising , product design","user desing , Agile , management"
Cali,Wright,Male,Cali.Wright@dell.com,San Jose State University,CSG,Bachelors,Finance,Junior,N,Texas - Round Rock,"valuation , investment , asset allocation","Machine learning , Cloud , Python"
Daxton,Baker,Female,Daxton.Baker@dell.com,(CFT) University of Texas - San Antonio,P&O Marketing MBA,Bachelors,Marketing,Junior,N,Texas - Round Rock,"user desing , Agile , management","circuitry , optics , Simulink"
Cayden,Nelson,Male,Cayden.Nelson@dell.com,Missouri University of Science and Technology,ISG,Bachelors,Data Science,Sophomore,N,California - Santa Clara,"Machine learning , Cloud , Python","motion control , circuitry , optics"
Jason,Newman,Male,Jason.Newman@dell.com,Christopher Newport University,CTO,MBA,Mechanical Engineering,Junior,N,Washington - Seattle,"circuitry , optics , Simulink","Python , C , Infrastructure"
Easton,Ruiz,Female,Easton.Ruiz@dell.com,Worcester Polytechnic Inst.,CTO,Masters,Computer Engineering,Junior,N,Massachusets - Hopkinton,"motion control , circuitry , optics","employee satisfaction , Staffing , organizational structure"
Owen,Reed,Male,Owen.Reed@dell.com,University of Florida,CTO,MBA,Computer Science,Junior,N,Texas - Round Rock,"Python , C , Infrastructure","customer satisfaction , wholesale , consulting"
Nicholas,Fuller,Female,Nicholas.Fuller@dell.com,Texas A&M - College Station,CTO,MBA,Communications,Senior,N,California - Santa Clara,"employee satisfaction , Staffing , organizational structure","tax , consulting , income statement"
Willow,Nelson,Male,Willow.Nelson@dell.com,North Carolina State University,CSO,Bachelors,Business,Senior,Y,Massachusets - Hopkinton,"customer satisfaction , wholesale , consulting","Grid Computing , Data , Networks"
Rosalie,Gilbert,Male,Rosalie.Gilbert@dell.com,University of Washington - Seattle,CSG,Masters,Business,Senior,N,Massachusets - Hopkinton,"tax , consulting , income statement","Data , Grid Computing , Visualization"
Vera,Reyes,Male,Vera.Reyes@dell.com,University of Illinois,CSG,MBA,Data Science,Junior,N,Texas - Round Rock,"Grid Computing , Data , Networks","employee satisfaction , performance management , recruiting"
Hudson,Nelson,Female,Hudson.Nelson@dell.com,University of Washington - Seattle,CSG,Bachelors,Computer Science,Senior,N,Remote,"Data , Grid Computing , Visualization","Photonics , motion control , microelectronics"
Izabella,Hanson,Male,Izabella.Hanson@dell.com,University of Washington - Bothell,ISG,Masters,Communications,Senior,N,Washington - Seattle,"employee satisfaction , performance management , recruiting","Computer Graphics , software architecture , Data"
Isabel,Watson,Female,Isabel.Watson@dell.com,University of Texas - San Antonio,CTO,Bachelors,Mechanical Engineering,Junior,N,Texas - Round Rock,"Photonics , motion control , microelectronics","development , user desing , customer support"
Theo,Cook,Female,Theo.Cook@dell.com,MIT,ISG,Masters,Computer Engineering,Senior,N,Massachusets - Hopkinton,"Computer Graphics , software architecture , Data","Data , Grid Computing , Visualization"
Octavia,Gilbert,Female,Octavia.Gilbert@dell.com,(CFT) University of Puerto Rico - Mayaguez,CSO,Masters,Marketing,Junior,N,Washington - Seattle,"development , user desing , customer support","employee satisfaction , performance management , recruiting"
London,Harris,Male,London.Harris@dell.com,University of Massachusetts - Dartmouth,Telecom,MBA,Communications,Junior,N,Texas - Round Rock,"workplace safety , onboarding , Staffing","Photonics , motion control , microelectronics"
Kade,Gill,Male,Kade.Gill@dell.com,North Carolina State University,CTO,Bachelors,Finance,Senior,N,Texas - Round Rock,"liabilities , asset allocation , mutual funds","Computer Graphics , software architecture , Data"
Stella,Perez,Male,Stella.Perez@dell.com,University of Texas - Austin,CSO,Bachelors,Business,Senior,Y,Texas - Round Rock,"advertising , packaging , income statement","development , user desing , customer support"
Titus,Cruz,Female,Titus.Cruz@dell.com,(CFT) University of Puerto Rico - Mayaguez,ISG,Masters,Electrical Engineering ,Senior,N,Texas - Round Rock,"Photonics , motion control , mechatronics","workplace safety , onboarding , Staffing"
Myla,Young,Female,Myla.Young@dell.com,Trinity University,ISG,Bachelors,Marketing,Senior,N,Remote,"testing , customer validation , development","liabilities , asset allocation , mutual funds"
Derek,Wright,Male,Derek.Wright@dell.com,Columbia University,CSG,Bachelors,Computer Engineering,Junior,N,Texas - Round Rock,"Networks , Computer Graphics , software architecture","advertising , packaging , income statement"
Levi,Douglas,Female,Levi.Douglas@dell.com,North Carolina State University,CSG,Masters,Computer Science ,Junior,N,California - Santa Clara,"mechatronics , optics , Pspice","Photonics , motion control , mechatronics"
Kailani,Meyer,Male,Kailani.Meyer@dell.com,(CFT) University of Puerto Rico - Mayaguez,CSO,Bachelors,Business,Junior,N,Remote,"product design , consulting , bookeeping","testing , customer validation , development"
Dylan,Hanson,Male,Dylan.Hanson@dell.com,University of California - Davis,Telecom,Bachelors,Marketing,Senior,N,Remote,"customer support , Product roadmaps , user desing","Networks , Computer Graphics , software architecture"
Leia,Foster,Male,Leia.Foster@dell.com,Arizona State University,P&O Marketing MBA,Bachelors,Finance,Junior,N,Massachusets - Hopkinton,"cashflow , capital gain , Corporate finance",Cloud
Harley,Murphy,Female,Harley.Murphy@dell.com,University of Connecticut,CTO,Bachelors,Finance,Senior,N,Remote,"mutual funds , blockchain , Accounting","Data engineering, Python, SQL,"
Robert,Gray,Female,Robert.Gray@dell.com,Georgia Institute of Technology,ISG,MBA,Computer Science,Senior,N,Texas - Round Rock,"Cloud , Cybersecurity , Data","bookeeping , packaging , advertising"
Emersyn,Butler,Female,Emersyn.Butler@dell.com,Texas A&M - College Station,CTO,Bachelors,Computer Engineering,Senior,Y,Washington - Seattle,"microelectronics , Simulink , Computer aided design","automation , liabilities , blockchain"
Emanuel,Cook,Female,Emanuel.Cook@dell.com,Florida International University,ISG,Masters,Computer Science,Junior,N,Texas - Round Rock,"Cybersecurity , software architecture , Python","Instrumentation , Photonics , Computer aided design"
Robert,Ross,Female,Robert.Ross@dell.com,Georgia Tech,CSG,Bachelors,Data Science,Senior,N,Massachusets - Hopkinton,"Cloud , Machine learning , Artifical intelligence","customer support , Product roadmaps , testing"
Xavier,Miller,Female,Xavier.Miller@dell.com,Texas A&M - College Station,CTO,Bachelors,Computer Science,Junior,N,Remote,"Java , Python , Machine learning","Data , Encryption , Big data"
Serenity,Parson,Female,Serenity.Parson@dell.com,Indiana University - Bloomington,ISG,Bachelors,Finance,Senior,N,Remote,"Analytics , Corporate finance , capital gain","embedded systems , programmable logic , Instrumentation"
Gregory,Patterson,Male,Gregory.Patterson@dell.com,University of Wisconsin - Madison (Engineering),ISG,Bachelors,Communications,Senior,N,Texas - Round Rock,"recruiting , workplace safety , organizational structure","Staffing , employee satisfaction , training"
Callum,Young,Female,Callum.Young@dell.com,(CFT) San Jose State University,Telecom,Bachelors,Computer Science,Junior,N,Washington - Seattle,"Data , Artifical intelligence , Big data","circuitry , programmable logic , computer architecture"
Nova,Gray,Female,Nova.Gray@dell.com,University of Illinois,CSO,MBA,Marketing,Sophomore,N,Texas - Round Rock,"Product roadmaps , user desing , continuos integration","Computer aided design , programmable logic , computer architecture"
Aaliyah,Diaz,Female,Aaliyah.Diaz@dell.com,Georgia State University,ISG,Bachelors,Business,Sophomore,N,Washington - Seattle,"customer satisfaction , mass merchandising , bookeeping","optics , mechatronics , embedded systems"
Charles,Larson,Female,Charles.Larson@dell.com,Worcester Polytechnic Inst.,CSO,Masters,Business,Junior,N,Washington - Seattle,"marketing , customer satisfaction , publishing","Agile , testing , customer support"
Emmett,Ruiz,Male,Emmett.Ruiz@dell.com,Boston University,CSG,Masters,Data Science,Sophomore,Y,Massachusets - Hopkinton,"Cloud , Analytics , Virtualization","probability theory , capital gain , liabilities"
Isla,Wright,Male,Isla.Wright@dell.com,Emory University,CSO,Bachelors,Communications,Junior,N,Texas - Round Rock,"Staffing , recruiting , organizational structure","training , recruiting , performance management"
Mason,Wilson,Male,Mason.Wilson@dell.com,University of Texas - Austin,CSO,Bachelors,Computer Science,Sophomore,N,Massachusets - Hopkinton,"Networks , Visualization , Virtualization","Staffing , organizational structure , workplace safety"
Julius,Green,Female,Julius.Green@dell.com,University of Massachusetts - Amherst,CSO,Bachelors,Computer Engineering,Junior,N,Remote,"Analytics , Artifical intelligence , C","employee satisfaction , onboarding , performance management"
George,Hamilton,Female,George.Hamilton@dell.com,University of Texas - Austin,ISG,Bachelors,Data Science,Senior,N,Texas - Round Rock,"Accounting , liquidity , Analytics","Java , Python , Virtualization"
Jeremy,Richardson,Male,Jeremy.Richardson@dell.com,University of Texas - San Antonio,CSO,Bachelors,Marketing,Senior,N,Texas - Round Rock,"user desing , mockups , testing","marketing , consulting , wholesale"
Mackenzie,Foster,Male,Mackenzie.Foster@dell.com,University of Washington - Seattle,P&O Marketing MBA,MBA,Business,Senior,N,Washington - Seattle,"bookeeping , factory management , marketing","consulting , big data, accounting"
Leah,Lee,Male,Leah.Lee@dell.com,"BRIGHAM YOUNG UNIVERSITY, MARRIOTT SCHOOL OF BUSINESS",CSO,Bachelors,Data Science,Sophomore,N,Texas - Round Rock,"business cycles , valuation , Analytics","Cloud , Virtualization , Java"
Jameson,Kim,Male,Jameson.Kim@dell.com,University of Michigan - Stephen M. Ross School of Business,CSO,Bachelors,Finance,Junior,N,Texas - Round Rock,"liabilities , mutual funds , liquidity","Signal processing , mechatronics , Pspice"
Harlow,Martin,Male,Harlow.Martin@dell.com,Texas A&M - College Station,Telecom,Bachelors,Mechanical Engineering,Junior,N,California - Santa Clara,"Simulink , microelectronics , Signal processing","consulting , tax , mass merchandising"
Adelyn,Gomez,Female,Adelyn.Gomez@dell.com,Santa Clara University,CSO,MBA,Business,Senior,Y,Remote,"advertising , factory management , tax","publishing , income statement , product design"
Naomi,Ward,Female,Naomi.Ward@dell.com,Santa Clara University,CTO,Masters,Mechanical Engineering,Senior,N,Texas - Round Rock,"Computer aided design , embedded systems , microelectronics","Computer aided design , computer architecture , mechatronics"
Eric,Gilbert,Female,Eric.Gilbert@dell.com,Merrimack College,P&O Marketing MBA,MBA,Communications,Junior,N,Washington - Seattle,"compensation , Staffing , onboarding","encryption, cybersecurity, blockchain"
Oakley,Lindsey,Female,Oakley.Lindsey@dell.com,Brigham Young University - Provo,ISG,Bachelors,Computer Science,Senior,N,California - Santa Clara,"Big data , Data , Cybersecurity","testing , customer validation , customer research"
James,Harrison,Female,James.Harrison@dell.com,University of Puerto Rico - Mayaguez,ISG,Bachelors,Finance,Junior,N,Texas - Round Rock,"mutual funds , equity , asset allocation","Grid Computing , Encryption , Cloud"
Arabella,Young,Female,Arabella.Young@dell.com,University of Texas - Austin,CSG,Bachelors,Business,Junior,N,Texas - Round Rock,"factory management , bookeeping , customer relationships","capital gain , asset allocation"
Wade,Rogers,Male,Wade.Rogers@dell.com,(CFT) University of Puerto Rico - Mayaguez,CSG,Masters,Marketing,Junior,N,Washington - Seattle,"customer validation , customer research , user desing","mechatronics , microelectronics , optics"
Bowen,Hopkins,Female,Bowen.Hopkins@dell.com,Texas A&M - College Station,CTO,Bachelors,Business,Senior,N,California - Santa Clara,"product design , customer satisfaction , customer relationships","wholesale , factory management , customer satisfaction"
Adriana,Newman,Male,Adriana.Newman@dell.com,Texas A&M - College Station,CSO,MBA,Communications,Junior,N,Texas - Round Rock,"employee satisfaction , workplace safety , compensation","business cycles , liabilities , mutual funds"
Allison,Tyler,Male,Allison.Tyler@dell.com,Worcester Polytechnic Inst.,CSO,Bachelors,Business,Senior,N,Texas - Round Rock,"customer relationships , publishing , packaging","computer architecture , microelectronics , motion control"
Adeline,Tyler,Male,Adeline.Tyler@dell.com,Santa Clara University,Telecom,Masters,Marketing,Sophomore,Y,Texas - Round Rock,"continuos integration , development , testing","Infrastructure , Grid Computing , Computer Graphics"
Alexandria,Parker,Female,Alexandria.Parker@dell.com,Georgia Institute of Technology,CSO,Bachelors,Data Science,Sophomore,N,Washington - Seattle,"Python , Infrastructure , software architecture","programmable logic , motion control , Signal processing"
Ellie,James,Female,Ellie.James@dell.com,Texas A&M University - College Station,CTO,Bachelors,Communications,Junior,N,Remote,"workplace safety , compensation , training","circuitry , Instrumentation , Computer aided design"
Clayton,Berry,Male,Clayton.Berry@dell.com,University of Virginia,P&O Marketing MBA,Bachelors,Data Science,Junior,N,Massachusets - Hopkinton,"Python , Encryption , Cybersecurity","Artifical intelligence , Java , Networks"
Esther,Taylor,Male,Esther.Taylor@dell.com,(CFT) University of Puerto Rico - Mayaguez,ISG,Bachelors,Business,Senior,N,Texas - Round Rock,"consulting , packaging","Photonics , computer architecture , Instrumentation"
Ryleigh,Brooks,Female,Ryleigh.Brooks@dell.com,University of Texas - Dallas,ISG,Bachelors,Data Science,Senior,N,Texas - Round Rock,"Analytics , Machine learning , Virtualization","workplace safety , performance management , onboarding"
Wren,Nelson,Female,Wren.Nelson@dell.com,Rice University,CSG,Bachelors,Data Science,Junior,N,Washington - Seattle,"Networks , Analytics , Cloud","Infrastructure , C , Python"
Arthur,Kelly,Female,Arthur.Kelly@dell.com,Duke University,CSG,Bachelors,Finance,Junior,N,Washington - Seattle,"capital gain , blockchain , liquidity","Networks , Analytics , Cloud"
Camille,Woods,Male,Camille.Woods@dell.com,University of Wisconsin - Madison (Engineering),CTO,Bachelors,Communications,Junior,N,Massachusets - Hopkinton,"Staffing , performance management , onboarding","capital gain , blockchain , liquidity"
Taylor,Allen,Male,Taylor.Allen@dell.com,Boston College,CSO,Bachelors,Business,Junior,N,Remote,"advertising , mass merchandising , customer relations","Staffing , performance management , onboarding"
Amora,Hanson,Male,Amora.Hanson@dell.com,University of Texas - Austin,CSO,Bachelors,Computer Engineering,Junior,Y,Remote,"Python , Networks , Machine learning","advertising , mass merchandising , customer relations"
Nicolas,James,Male,Nicolas.James@dell.com,Brigham Young University - Provo,Telecom,Masters,Mechanical Engineering,Senior,N,Massachusets - Hopkinton,"motion control , Pspice , embedded systems","Python , Networks , Machine learning"
Taylor,Hale,Male,Taylor.Hale@dell.com,Prairie View A&M,CSO,Masters,Computer Engineering,Senior,N,Washington - Seattle,"Big data , Networks , Computer Graphics","motion control , Pspice , embedded systems"
Ada,Price,Male,Ada.Price@dell.com,Duke University,CTO,Bachelors,Mechanical Engineering,Junior,N,Texas - Round Rock,"computer architecture , Simulink , embedded systems","Big data , Networks , Computer Graphics"
Molly,Evans,Male,Molly.Evans@dell.com,"UNIVERSITY OF NORTH CAROLINA, Kenan-Flagler Business School",P&O Marketing MBA,Bachelors,Business,Senior,N,California - Santa Clara,"wholesale , consulting , customer satisfaction","computer architecture , Simulink , embedded systems"
Jayce,Brown,Female,Jayce.Brown@dell.com,University of Houston,ISG,Masters,Electrical Engineering ,Junior,N,Texas - Round Rock,"Computer aided design , mechatronics , optics","wholesale , consulting , customer satisfaction"
Teagan,Watson,Female,Teagan.Watson@dell.com,Washington State University,ISG,MBA,Business,Junior,N,Texas - Round Rock,"wholesale , product design , income statement","Computer aided design , mechatronics , optics"
Melanie,Schultz,Female,Melanie.Schultz@dell.com,Texas Southern University,CSG,Masters,Marketing,Senior,N,Remote,"development , Product roadmaps , management",Cloud
Khalil,Nelson,Female,Khalil.Nelson@dell.com,University of Massachusetts - Amherst,CSG,Bachelors,Business,Sophomore,N,California - Santa Clara,"marketing , consulting , income statement","Data engineering, Python, SQL,"
Iris,Roberts,Male,Iris.Roberts@dell.com,Boston University,CTO,Bachelors,Mechanical Engineering,Sophomore,N,Washington - Seattle,"Pspice , programmable logic , embedded systems","bookeeping , packaging , advertising"
Freya,Gutierrez,Male,Freya.Gutierrez@dell.com,Worcester Polytechnic Inst.,CSO,Bachelors,Data Science,Sophomore,Y,Washington - Seattle,"cashflow , automation , mutual funds","automation , liabilities , blockchain"
Natalia,Barrett,Female,Natalia.Barrett@dell.com,North Carolina State University,CSO,Masters,Computer Science,Junior,N,Washington - Seattle,"Cybersecurity , Computer Graphics , Artifical intelligence","Instrumentation , Photonics , Computer aided design"
Travis,Jones,Male,Travis.Jones@dell.com,University of North Carolina,Telecom,Bachelors,Mechanical Engineering,Senior,N,Texas - Round Rock,"computer architecture , Signal processing , Computer aided design","customer support , Product roadmaps , testing"
Zayne,Cruz,Female,Zayne.Cruz@dell.com,Brigham Young University - Provo,CSO,Masters,Business,Junior,N,California - Santa Clara,"advertising , publishing","Data , Encryption , Big data"
Maya,Young,Female,Maya.Young@dell.com,Walla Walla University,CTO,Masters,Business,Junior,N,Texas - Round Rock,"customer satisfaction , mass merchandising","embedded systems , programmable logic , Instrumentation"
Matthew,Young,Female,Matthew.Young@dell.com,University of Texas - Austin,P&O Marketing MBA,Bachelors,Communications,Senior,N,Washington - Seattle,"employee satisfaction , recruiting , workplace safety","Staffing , employee satisfaction , training"
Hannah,Green,Female,Hannah.Green@dell.com,Brigham Young University - Provo,ISG,Masters,Marketing,Sophomore,N,Remote,"customer support , customer validation , testing","circuitry , programmable logic , computer architecture"
Sydney,Anderson,Male,Sydney.Anderson@dell.com,"THE UNIVERSITY OF TEXAS AT AUSTIN, McCombs School of Business",ISG,Bachelors,Business,Sophomore,N,Texas - Round Rock,"customer satisfaction , packaging","Computer aided design , programmable logic , computer architecture"
Logan,Anderson,Male,Logan.Anderson@dell.com,"University of California, Riverside",CSG,Masters,Marketing,Senior,N,Washington - Seattle,"continuos integration , development","optics , mechatronics , embedded systems"
Lilah,Gill,Female,Lilah.Gill@dell.com,University of Wisconsin - Madison (Engineering),CSG,Bachelors,Data Science,Senior,N,Texas - Round Rock,"Visualization , Cloud , Big data","Agile , testing , customer support"
Jaden,Barnes,Male,Jaden.Barnes@dell.com,University of California - Berkeley,CTO,Bachelors,Marketing,Junior,Y,Texas - Round Rock,"management , Agile , user desing","probability theory , capital gain , liabilities"
Fiona,Roberts,Female,Fiona.Roberts@dell.com,University of Wisconsin - Madison (Engineering),CSO,Masters,Computer Science,Junior,N,Remote,"Infrastructure , Visualization ","training , recruiting , performance management"